epoch,time,train/box_loss,train/cls_loss,train/dfl_loss,metrics/precision(B),metrics/recall(B),metrics/mAP50(B),metrics/mAP50-95(B),val/box_loss,val/cls_loss,val/dfl_loss,lr/pg0,lr/pg1,lr/pg2
1,58.2763,1.23736,4.27985,0.89525,0.00432,0.03532,0.00473,0.00287,0.87589,4.20175,0.84597,6.666e-05,6.666e-05,6.666e-05
2,109.328,1.05844,3.69999,0.86347,0.0095,0.07827,0.03956,0.0218,0.99999,4.13074,0.84092,0.00014157,0.00014157,0.00014157
